{ "_id" : "AFN", "avg_balance" : 5585.163333333334, "total_balance" : 16755.49 }
{ "_id" : "USD", "avg_balance" : 5040.66875, "total_balance" : 80650.7 }
{ "_id" : "MKD", "avg_balance" : 3835.05, "total_balance" : 3835.05 }
{ "_id" : "MMK", "avg_balance" : 4629.42, "total_balance" : 4629.42 }
{ "_id" : "TJS", "avg_balance" : 4087.71, "total_balance" : 4087.71 }
{ "_id" : "VND", "avg_balance" : 4520.0325, "total_balance" : 36160.26 }
{ "_id" : "BOB", "avg_balance" : 5263.3, "total_balance" : 5263.3 }
{ "_id" : "ISK", "avg_balance" : 4316.41, "total_balance" : 4316.41 }
{ "_id" : "IRR", "avg_balance" : 4417.373333333333, "total_balance" : 26504.239999999998 }
{ "_id" : "ETB", "avg_balance" : 5436.11, "total_balance" : 5436.11 }
{ "_id" : "BWP", "avg_balance" : 4076.29, "total_balance" : 4076.29 }
{ "_id" : "SRD", "avg_balance" : 4276.56, "total_balance" : 4276.56 }
{ "_id" : "MYR", "avg_balance" : 4781.12, "total_balance" : 4781.12 }
{ "_id" : "TZS", "avg_balance" : 3526.1850000000004, "total_balance" : 7052.370000000001 }
{ "_id" : "JPY", "avg_balance" : 5078.7283333333335, "total_balance" : 60944.74 }
{ "_id" : "RUB", "avg_balance" : 4989.547916666666, "total_balance" : 119749.15 }
{ "_id" : "CDF", "avg_balance" : 6114.4, "total_balance" : 12228.8 }
{ "_id" : "RSD", "avg_balance" : 4276.56, "total_balance" : 4276.56 }
{ "_id" : "COP", "avg_balance" : 4936.6825, "total_balance" : 19746.73 }
{ "_id" : "PLN", "avg_balance" : 5042.821111111111, "total_balance" : 90770.78 }